{"acc_rfile0": {"LR": [62.30315789473684, 64.28266666666667, 64.36, 64.37142857142857, 64.01333333333334], "KNN": [59.42947368421052, 60.205333333333336, 60.81090909090909, 60.77142857142858, 60.73333333333333], "SVM": [64.50105263157894, 64.51733333333334, 64.35272727272728, 64.35428571428572, 64.37333333333333], "NB": [64.17052631578947, 64.81866666666667, 64.43636363636364, 63.91428571428571, 64.24], "DT": [53.76, 56.690666666666665, 56.17090909090909, 56.93142857142857, 56.279999999999994], "RF": [64.44210526315788, 64.49066666666667, 64.49090909090908, 64.64571428571429, 64.84], "ANN": [64.56, 63.727, 63.207, 66.28, 66.453, 70.486, 70.351, 70.583, 68.891, 70.5, 70.564, 70.64, 67.566, 70.86, 66.6, 69.45, 63.387, 70.38, 70.88]}, "acc_rfile1": {"LR": [61.9578947368421, 63.44800000000001, 63.309090909090905, 63.822857142857146, 63.93333333333333], "KNN": [59.004210526315795, 59.68, 59.85818181818182, 59.068571428571424, 60.480000000000004], "SVM": [63.50105263157894, 63.397333333333336, 63.28, 63.497142857142855, 63.46666666666667], "NB": [62.00631578947369, 63.690666666666665, 63.59272727272727, 63.50857142857143, 63.66666666666667], "DT": [54.76, 54.976, 56.083636363636366, 55.82857142857143, 56.62666666666667], "RF": [63.46526315789474, 63.456, 63.56, 63.839999999999996, 63.06666666666667], "ANN": [63.434, 66.913, 69.419, 66.69, 69.168, 69.566, 70.203, 70.007, 66.967, 69.432, 70.036, 69.855, 70.189, 63.32, 70.44, 69.67, 67.48, 66.5, 69.72]}, "acc_xor_2_rfile0": {"LR": [67.3978947368421, 67.896, 68.30181818181819, 68.26857142857143, 68.32000000000001], "KNN": [64.08, 63.28, 63.88, 64.13714285714286, 62.85333333333334], "SVM": [68.10526315789474, 67.93599999999999, 68.47636363636363, 67.77142857142857, 67.41333333333334], "NB": [67.44, 68.00533333333333, 68.20727272727272, 68.12, 67.21333333333334], "DT": [56.44, 57.232000000000006, 57.66909090909091, 58.068571428571424, 58.02666666666667], "RF": [68.07368421052632, 68.24533333333333, 68.13818181818182, 68.30857142857143, 68.25333333333333], "ANN": [67.785, 69.929, 68.12, 70.197, 66.365, 71.854, 71.818, 68.193, 72.498, 72.756, 72.667, 72.24, 72.589, 68.293, 71.752, 73.02, 68.467, 71.76, 72.64]}, "acc_xor_2_rfile1": {"LR": [66.96631578947368, 67.58133333333333, 67.12727272727273, 67.2057142857143, 66.46666666666667], "KNN": [62.11368421052632, 62.866666666666674, 63.087272727272726, 63.497142857142855, 64.06666666666668], "SVM": [67.4778947368421, 67.29866666666666, 67.33818181818182, 67.2057142857143, 67.75999999999999], "NB": [66.21684210526317, 67.328, 67.29454545454546, 67.21142857142857, 68.36], "DT": [55.61473684210526, 56.778666666666666, 56.876363636363635, 58.21142857142857, 57.32000000000001], "RF": [67.41473684210526, 67.432, 67.15272727272728, 67.17142857142858, 66.88], "ANN": [67.484, 69.724, 72.216, 71.213, 71.131, 67.194, 67.726, 72.63, 72.705, 72.996, 71.618, 71.22, 67.411, 73.153, 72.72, 71.12, 69.467, 73.62, 66.84]}, "acc_xor_4_rfile0": {"LR": [55.55157894736842, 57.605333333333334, 58.167272727272724, 58.33714285714285, 58.226666666666674], "KNN": [53.06736842105263, 53.41866666666667, 53.28363636363637, 54.034285714285716, 53.2], "SVM": [57.997894736842106, 57.994666666666674, 57.99636363636363, 58.21142857142857, 57.69333333333333], "NB": [56.06526315789474, 57.38666666666666, 57.698181818181816, 58.30857142857143, 57.82666666666667], "DT": [51.519999999999996, 51.202666666666666, 51.86545454545455, 51.559999999999995, 51.453333333333326], "RF": [58.040000000000006, 58.08, 57.72727272727273, 57.62285714285714, 57.82666666666667], "ANN": [56.655, 56.918, 57.087, 56.505, 56.6, 57.734, 58.034, 58.997, 58.12, 57.116, 57.982, 57.93, 58.057, 58.893, 57.704, 58.69, 58.213, 58.36, 59.0]}, "acc_xor_4_rfile1": {"LR": [55.0821052631579, 56.83200000000001, 56.95272727272728, 57.21714285714285, 57.57333333333333], "KNN": [53.02105263157895, 53.016, 53.959999999999994, 53.36, 53.29333333333334], "SVM": [57.18526315789474, 57.26133333333333, 57.10545454545455, 56.90857142857143, 57.16], "NB": [54.79157894736842, 56.33866666666667, 56.96, 56.98857142857143, 57.30666666666666], "DT": [51.44, 50.61333333333333, 51.22545454545454, 51.42857142857142, 52.04], "RF": [57.04421052631579, 57.034666666666666, 56.73090909090909, 57.09142857142857, 56.45333333333333], "ANN": [53.752, 54.816, 55.967, 56.13, 56.968, 57.231, 57.215, 57.07, 57.393, 57.192, 56.356, 57.955, 58.177, 58.893, 55.584, 57.91, 58.373, 58.34, 57.6]}}